{"全新装置":0.9999885480149422,"糖组":1.0000410698992561,"转质盐组":0.9999172855658641,"固源岩组":1.0000003527120578,"RMA70-12":1.0000098658723886,"轻锰矿":1.00004844231433,"扭转醇":0.9999992282262361,"酮凝集组":0.999988444214389,"研磨石":0.999989862987853,"异铁组":0.99997930811408,"凝胶":0.9999964452507314,"半自然溶剂":1.0000490938077484,"晶体元件":1.0000395718055184,"炽合金":0.9999778686294253,"化合切削液":1.00003710870718,"聚酸酯组":0.9999869677044547}