{"全新装置":1.0016932371505172,"糖组":1.0012270490460753,"转质盐组":1.0008392870158225,"固源岩组":1.011537127555542,"RMA70-12":0.999660813590245,"轻锰矿":0.9938765614595717,"扭转醇":0.993722439622563,"酮凝集组":1.0016895578231633,"研磨石":1.0009840546656075,"异铁组":1.0011682886865945,"凝胶":0.9996817477472806,"半自然溶剂":1.0062981260606978,"晶体元件":0.9905576631840505,"炽合金":1.0001929982962376,"化合切削液":0.9942426252461516,"聚酸酯组":1.000993716076591}