{"糖组":0.999970755800626,"全新装置":1.000009118799983,"转质盐组":1.0001031502765034,"固源岩组":1.000023129638824,"轻锰矿":0.9999887118765711,"RMA70-12":0.9999958865629957,"扭转醇":1.000032417967878,"酮凝集组":1.0000075959801726,"研磨石":0.9999997730778283,"异铁组":0.9999918663176499,"凝胶":0.9999928615570319,"半自然溶剂":0.9999623798950236,"炽合金":1.0000105253659899,"晶体元件":1.0000127609043405,"化合切削液":0.9999669224560515,"聚酸酯组":1.0000085978275801}