{"全新装置":0.9999611076526573,"糖组":0.9997517625796721,"转质盐组":0.9998109325718827,"固源岩组":0.9999613730661494,"RMA70-12":1.0004036723379068,"轻锰矿":1.0003262213281496,"扭转醇":1.0002067086198185,"酮凝集组":0.9999387117853782,"研磨石":0.9998979403674917,"异铁组":1.0001806586874527,"凝胶":0.999924976950857,"半自然溶剂":0.9999567241337356,"晶体元件":0.9999230814981309,"炽合金":0.9999597562792133,"化合切削液":0.999850913644755,"聚酸酯组":0.9999479465316269}