{"全新装置":0.9999823492012543,"糖组":0.9999467539286393,"转质盐组":1.000155114966254,"固源岩组":0.9998106495857554,"RMA70-12":0.9999495714696717,"轻锰矿":0.9998829400394429,"扭转醇":0.9999361009891785,"酮凝集组":0.999982505768111,"研磨石":0.9999858504483194,"异铁组":1.0000152716006196,"凝胶":0.9999951925212154,"半自然溶剂":0.9999550460253406,"晶体元件":0.9998749154162282,"炽合金":1.0000143333626637,"化合切削液":0.99989685308725,"聚酸酯组":0.9999829687643772}