{
  "全新装置": 1.2499966325665548,
  "糖组": 1.2499979627660245,
  "转质盐组": 1.2498472574219293,
  "固源岩组": 1.250003194509581,
  "轻锰矿": 1.2500459283258247,
  "RMA70-12": 1.250068599433321,
  "扭转醇": 1.2499757762450674,
  "酮凝集组": 1.2499976907467432,
  "研磨石": 1.2499005002945343,
  "异铁组": 1.2499910231871136,
  "凝胶": 1.2499328316224758,
  "半自然溶剂": 1.2503618012658837,
  "晶体元件": 1.2500429839365295,
  "炽合金": 1.2501159005001292,
  "化合切削液": 1.2496508138155833,
  "聚酸酯组": 1.2499977007500878
}