{"糖组":0.9999916993137783,"全新装置":0.9999932820146528,"转质盐组":1.0001581391612089,"固源岩组":0.9999945307845832,"RMA70-12":0.9999838368801867,"轻锰矿":0.9999969069919421,"扭转醇":1.0000310481359451,"酮凝集组":0.9999926672818312,"研磨石":0.9999983090207923,"异铁组":0.999997895093915,"凝胶":0.9999899018881241,"半自然溶剂":0.9995626888623895,"炽合金":0.9999977613558488,"晶体元件":0.9999989713285707,"化合切削液":1.0004078436636668,"聚酸酯组":0.9999931074096254}