{"全新装置":0.9993060314829008,"糖组":1.0001004342754714,"转质盐组":1.0005104820341908,"固源岩组":0.9953502692331923,"RMA70-12":1.0000136088248335,"轻锰矿":1.0001258695061919,"扭转醇":1.0001656695329473,"酮凝集组":0.9993177360301818,"研磨石":1.0002834652314132,"异铁组":1.000201371810043,"凝胶":1.000360010582938,"半自然溶剂":1.0003951161572544,"晶体元件":1.0000338034079124,"炽合金":1.0003319406920852,"化合切削液":1.0002268154213347,"聚酸酯组":0.9993185455502884}