{"糖组":0.9999991818153365,"全新装置":1.0000099496051402,"转质盐组":0.9999367396137578,"固源岩组":0.9999965923995008,"RMA70-12":0.999997151980381,"轻锰矿":1.0000502184869984,"扭转醇":0.9999932828712076,"酮凝集组":1.0000106368290969,"研磨石":1.000002420256236,"异铁组":0.9999855221303049,"凝胶":0.9999845851562948,"半自然溶剂":1.0000515254708773,"晶体元件":1.000022243055894,"炽合金":1.0000274899291788,"化合切削液":1.0002892681188678,"聚酸酯组":1.000010383329388}