{"糖组":0.9998114972580354,"全新装置":0.9999422804213233,"转质盐组":0.9881572367647122,"固源岩组":1.0002173128914997,"RMA70-12":0.9998320333064528,"轻锰矿":1.0000000651175578,"扭转醇":0.9997987759210625,"酮凝集组":0.9999476787049536,"研磨石":0.9998787983933723,"异铁组":0.9999430048621734,"凝胶":0.9999438434408263,"半自然溶剂":0.9991640174863705,"炽合金":0.9998880963930983,"晶体元件":1.0000650707051462,"化合切削液":1.024007601335892,"聚酸酯组":0.9999452893969689}