{"全新装置":1.0002695555428869,"糖组":0.9993761571218904,"转质盐组":0.9999139975573161,"固源岩组":1.000003177385318,"轻锰矿":1.0002415687769262,"RMA70-12":1.0000062777798335,"扭转醇":1.0005863002955366,"酮凝集组":0.9998004857711982,"研磨石":1.00045488684347,"异铁组":1.0009104917294716,"凝胶":1.000058487868883,"半自然溶剂":0.9992420170009915,"晶体元件":1.002882024851416,"炽合金":1.0000762395351497,"化合切削液":1.0003023452179902,"聚酸酯组":1.0005604583777143}