{"糖组":0.9999999751312143,"全新装置":1.000000002404008,"转质盐组":1.0000000383305532,"固源岩组":0.9999999920288323,"RMA70-12":0.9999999952480051,"轻锰矿":0.9999999957090945,"扭转醇":1.0000000017667556,"酮凝集组":1.0000000166828105,"研磨石":1.0000000010138894,"异铁组":1.0000000067364592,"凝胶":0.999999990717583,"半自然溶剂":1.000000000614513,"晶体元件":0.9999999930793906,"炽合金":0.9999999968280961,"化合切削液":0.9999999702983191,"聚酸酯组":1.0000000036673995}