{"糖组":0.9999999759172916,"全新装置":0.9999999983202681,"转质盐组":1.000101468819874,"固源岩组":1.0000058075491618,"错版硬币":0.9698496993985268,"RMA70-12":0.9999999892639541,"轻锰矿":1.0000000047572866,"兽之泪":1.9107853954538605,"双日城大乐透":1.1321273952530648,"扭转醇":0.9999999833568864,"黄金筹码":1.0919107618508308,"酮凝集组":1.0000000169087522,"研磨石":1.0000000004698406,"异铁组":1.0000000063395398,"凝胶":1.000000008492603,"半自然溶剂":1.00000001189422,"炽合金":0.9999999835503609,"晶体元件":1.0000439207562597,"化合切削液":1.000022619806543,"聚酸酯组":0.9999999983795618}