{"全新装置":1.0001783255536856,"糖组":0.9995823733880165,"转质盐组":1.0002095586601276,"固源岩组":1.0009149998200293,"轻锰矿":0.9989470802851994,"RMA70-12":0.9997938448583548,"扭转醇":0.9988542662032174,"酮凝集组":1.000166238071572,"研磨石":1.000178866056823,"异铁组":1.0003840224602305,"凝胶":1.0001715428918105,"半自然溶剂":1.0004944256320711,"晶体元件":0.9987694848112911,"炽合金":1.0001784977842365,"化合切削液":0.9989338024746813,"聚酸酯组":1.0001617622870649}