{"rarity_1":0.36364284249971157,"rarity_3":4.861690283408059,"rarity_2":1.0901599078767006,"rarity_4":16.49073864832255}