{"rarity_1":0.3636375487972065,"rarity_3":4.859870330060975,"rarity_2":1.0896509869728481,"rarity_4":16.515426761253668}