{"rarity_1":0.3674427290292755,"rarity_3":4.76231054457683,"rarity_2":1.0982720622821265,"rarity_4":16.114694510541455}