{"rarity_1":0.33007163155734254,"rarity_3":4.466082708680754,"rarity_2":0.9956449710439235,"rarity_4":15.2751955227497}