{"rarity_1":0.35957084729435396,"rarity_3":4.829864375568486,"rarity_2":1.0777127122271295,"rarity_4":16.34242407931556}