{"rarity_1":0.3642912502828408,"rarity_3":4.74718571134115,"rarity_2":1.0904940250825002,"rarity_4":16.090873350740544}