{
  "rarity_1": 0.36577653820552664,
  "rarity_3": 4.874359103961607,
  "rarity_2": 1.0962520892292553,
  "rarity_4": 16.547955435040837
}