{"rarity_1":0.3640016394016852,"rarity_3":4.683169122172655,"rarity_2":1.0898284845762631,"rarity_4":15.946194707488306}