{"rarity_1":0.3637769153932082,"rarity_3":4.750492099799619,"rarity_2":1.0892819710031887,"rarity_4":16.094725099709926}