{"rarity_1":0.3633782470930127,"rarity_3":4.86357665010521,"rarity_2":1.0894648350935192,"rarity_4":16.494817762521603}