{"rarity_1":0.3963760910604552,"rarity_3":5.252771533467801,"rarity_2":1.1818083720967762,"rarity_4":17.77204398296547}