{"rarity_1":0.3656925472682608,"rarity_3":4.87551055679183,"rarity_2":1.0960163772729543,"rarity_4":16.55088484621521}