{
  "rarity_1": 0.45469948196258864,
  "rarity_2": 1.3615472339340116,
  "rarity_3": 5.928957382319733,
  "rarity_4": 20.09978851580701
}