{"rarity_1":0.39639562334470885,"rarity_3":5.252685547995172,"rarity_2":1.1818489245041712,"rarity_4":17.77167307750831}